matrix_size,method,condition_number,batch_repeats,median_cpu_time_s,median_wall_time_s,relative_residual,relative_solution_error
100,LU,10000.000000001915,512,0.000152587890625,0.00014651308595148294,3.42215977113627e-16,1.31443550901068e-13
100,QR,10000.000000001915,128,0.00244140625,0.000602610156420269,5.852511464225011e-16,1.8413836832976257e-13
100,Cholesky (LLT),10000.000000001915,512,0.0001220703125,0.00014718144529979327,5.207283225431913e-16,1.4581296701815682e-13
100,SVD,10000.000000001915,32,0.009765625,0.00231451562649454,1.313072749405093e-15,2.907238422979546e-13
200,LU,9999.999999998916,128,0.001953125,0.0005746687497776293,5.522793443368873e-16,2.102541110854143e-13
200,QR,9999.999999998916,32,0.0078125,0.002073978124826681,7.466221494434465e-16,2.4477759742208993e-13
200,Cholesky (LLT),9999.999999998916,256,0.00164794921875,0.0004003320314041048,5.654229026601226e-16,1.7640330123160115e-13
200,SVD,9999.999999998916,8,0.044921875,0.010686450004868675,2.9569424811306643e-15,3.091250549789519e-13
400,LU,9999.999999998012,32,0.01171875,0.002977059375552926,5.005757157302631e-16,3.0167082424939134e-13
400,QR,9999.999999998012,8,0.044921875,0.01255690000107279,6.341830312455136e-16,3.763912975304533e-13
400,Cholesky (LLT),9999.999999998012,32,0.0078125,0.0021110500001668697,5.075377309125621e-16,2.8200990304373937e-13
400,SVD,9999.999999998012,2,0.1875,0.04535299999406561,1.6381626964994908e-15,4.559579303557535e-13
800,LU,9999.999999999509,8,0.0546875,0.014558974995452445,6.381687065026587e-16,3.073017672424337e-13
800,QR,9999.999999999509,1,0.25,0.06767399999080226,7.514686567029545e-16,4.2325395677807253e-13
800,Cholesky (LLT),9999.999999999509,8,0.033203125,0.008836324996082112,6.315490538473276e-16,3.1753538907366587e-13
800,SVD,9999.999999999509,1,0.953125,0.3000208000303246,2.1396766318070716e-15,5.697862983674243e-13
