matrix_size,target_density,actual_density_A,nnz_A,nnz_lower_A,minimum_diagonal_margin,batch_repeats,median_cpu_factorisation_time_s,median_wall_factorisation_time_s,nnz_L,density_L,fill_ratio,additional_fill_entries,relative_residual,relative_solution_error
500,0.001,0.002976,744,622,0.9999999999999998,256,0.0001220703125,0.0001078214843346359,622,0.002488,1.0,0,1.0507693141541867e-16,1.1223597666028962e-16
1000,0.001,0.001982,1982,1491,0.9999999999999998,256,0.00030517578125,0.00028361835938994773,1492,0.001492,1.000670690811536,1,1.2851338896679418e-16,1.436614299497226e-16
1500,0.001,0.0016577777777777778,3730,2615,0.9999999999999996,256,0.00054931640625,0.0005610097657609003,3133,0.0013924444444444444,1.1980879541108986,518,1.621647005740574e-16,1.96337659891186e-16
2000,0.001,0.001483,5932,3966,0.9999999999999996,256,0.001708984375,0.0016810191405056685,10852,0.002713,2.736258194654564,6886,2.300144090727962e-16,2.4951905874571055e-16
500,0.002,0.004072,1018,759,0.9999999999999998,256,0.000244140625,0.00022433359367823869,767,0.003068,1.010540184453228,8,1.4687236414089648e-16,1.695425128717681e-16
1000,0.002,0.003004,3004,2002,0.9999999999999996,256,0.00067138671875,0.0006694871094623522,4017,0.004017,2.0064935064935066,2015,1.6850317585692325e-16,2.1929227834998167e-16
1500,0.002,0.0026684444444444446,6004,3752,0.9999999999999996,16,0.015625,0.004232800001773285,29628,0.013168,7.8965884861407245,25876,3.195285102057486e-16,3.4909970193266036e-16
2000,0.002,0.0025145,10058,6029,0.9999999999999996,8,0.037109375,0.010802775002957787,114464,0.028616,18.98556974622657,108435,5.068027198614626e-16,5.327465747987993e-16
500,0.005,0.007096,1774,1137,0.9999999999999996,128,0.0006103515625,0.0006172476560095674,3088,0.012352,2.7159190853122253,1951,1.9957180659502967e-16,2.279119654029982e-16
1000,0.005,0.005976,5976,3488,0.9999999999999991,16,0.0224609375,0.005494743749295594,49121,0.049121,14.082855504587156,45633,4.981671440889299e-16,5.490203876377092e-16
1500,0.005,0.005726222222222222,12884,7192,0.9999999999999991,4,0.078125,0.017748099999153055,219103,0.09737911111111111,30.464822024471633,211911,7.249750819438852e-16,7.502820444490564e-16
2000,0.005,0.005508,22032,12016,0.9999999999999991,2,0.234375,0.0551891999784857,545834,0.1364585,45.425599201065246,533818,9.661584298483648e-16,1.0000185550297208e-15
